Centroid1,Centroid2
7.800000000000000000e+01,3.033333333333333570e+01,3.900000000000000000e+01,1.333333333333333259e+00
7.000000000000000000e+00,7.600000000000000000e+01,4.850000000000000000e+01,5.000000000000000000e-01
2.833333333333333215e+01,2.300000000000000000e+01,2.833333333333333570e+01,6.666666666666667407e-01
8.900000000000000000e+01,8.250000000000000000e+01,2.550000000000000000e+01,1.500000000000000000e+00
