Feature,Importance
Spending Score,0.38170541464361224
Annual Income,0.3313711225572694
Age,0.28692346279911846
