Age,Annual Income,Spending Score,Cluster
25.0,-1.5364425591947517,-0.346536525994937,2
30.0,-0.5761659596980319,1.1695607752329122,0
30.0,0.06401843996644799,-1.5377558341025328,1
35.0,0.7042028396309278,1.025170556068355,0
30.0,1.3443872392954077,-0.3104389712037977,1
