PC1,PC2
-2.2998806156316665,-0.9238345656337577
-1.8018055233783885,0.5404132187700647
-1.3085815136887735,-2.031915651025781
0.7140532106562906,1.1439524723346748
1.0645600451876336,0.4377783214612671
1.338006567239779,0.6088309150480619
2.4621378096483295,-1.258271320176163
1.7311593019535216,-0.6037642308219294
-0.3717752500698874,1.2319125472089985
-1.527874031916838,0.8548982928345646
