Annual Income,Spending Score
4.054545454545454675e+01,5.600000000000000000e+01
9.800000000000000000e+01,5.675000000000000000e+01
3.375000000000000000e+01,1.050000000000000000e+01
7.371428571428570820e+01,8.514285714285713880e+01
9.900000000000000000e+01,1.020000000000000284e+01
