Age,Gender,Income
25.0,1,-1.7067500094371337
30.0,0,-0.2226195664483218
30.0,0,0.0
35.0,1,1.26151087654049
30.0,1,0.6678586993449654
