,precision,recall,f1-score,support
0.0,1.0,0.6666666666666666,0.8,3.0
1.0,0.6666666666666666,1.0,0.8,2.0
accuracy,0.8,0.8,0.8,0.8
macro avg,0.8333333333333333,0.8333333333333333,0.8,5.0
weighted avg,0.8666666666666666,0.8,0.8,5.0
